<?xml version="1.0" encoding="UTF-8"?>
<metadata xml:lang="pl"><Esri><CreaDate>20150909</CreaDate><CreaTime>17364000</CreaTime><ArcGISFormat>1.0</ArcGISFormat><SyncOnce>TRUE</SyncOnce><DataProperties><lineage><Process ToolSource="c:\program files (x86)\arcgis\desktop10.2\ArcToolbox\Toolboxes\Data Management Tools.tbx\CalculateField" Date="20150909" Time="173640">CalculateField Linie Id 2 VB #</Process><Process ToolSource="c:\program files (x86)\arcgis\desktop10.2\ArcToolbox\Toolboxes\Data Management Tools.tbx\CalculateField" Date="20150909" Time="173743">CalculateField Linie Id 1 VB #</Process></lineage></DataProperties></Esri></metadata>
